{"noiseKey":{"private":{"type":"Buffer","data":"yDV+w+L6yMuEh2+pHadIPv8tkoM3sj3uij9ke1k/M1Y="},"public":{"type":"Buffer","data":"O+NIJHREFSSrYsDJ4XEmJrHl/sGfJgqvqfb5Hr9C4Cw="}},"pairingEphemeralKeyPair":{"private":{"type":"Buffer","data":"+JblV53o7yOUZ/sw8/4qtAnUbI4VacYixzhJeptoO0c="},"public":{"type":"Buffer","data":"j6+gvkDM+BtXGnhOqCjjIkqv4vZrU6jJjnogAeLCjj0="}},"signedIdentityKey":{"private":{"type":"Buffer","data":"aAuICRt5ylyT0UCEdGKta9VBoD47Dr5h3DvKvHRayH8="},"public":{"type":"Buffer","data":"M7RJZMh98V/2h+looxRypSeTft85b3x3EfH1VrpeWU8="}},"signedPreKey":{"keyPair":{"private":{"type":"Buffer","data":"SMv7ISecXKbN9kYAk0B6ql2QMwbjzpjct090s++IxEI="},"public":{"type":"Buffer","data":"H74Em9XKAkRJiTavdLik6Bn3Pq02UZvsEJQYZ75TVDs="}},"signature":{"type":"Buffer","data":"SnT2+l/B6M1GH8RYpBaS3RmwMKU5eQEYO9K/rIt1vpCm9w++Row8y4+MMVoD3AvCcs5dbdvlctCxUc1oq/y4Bw=="},"keyId":1},"registrationId":33,"advSecretKey":"rZj+eFr7Q/itx25Ga8gugF2oJPiVm3n1GBK+Ohxn/Gg=","processedHistoryMessages":[{"key":{"remoteJid":"6289527602452@s.whatsapp.net","fromMe":true,"id":"DB31162A418161D56F5C59776F321EC7"},"messageTimestamp":1729692508},{"key":{"remoteJid":"6289527602452@s.whatsapp.net","fromMe":true,"id":"1710AEF972ED3C6C407241FD91A74613"},"messageTimestamp":1729692517},{"key":{"remoteJid":"6289527602452@s.whatsapp.net","fromMe":true,"id":"F2EE56F73A68A254CF1EB7CA88629203"},"messageTimestamp":1729692569}],"nextPreKeyId":91,"firstUnuploadedPreKeyId":91,"accountSyncCounter":1,"accountSettings":{"unarchiveChats":false},"deviceId":"SRPzYrSKTkueJu2Ezz_Oyg","phoneId":"dc9b5c1a-be2a-4f48-b044-64f4a2acabfc","identityId":{"type":"Buffer","data":"Ykgsqr7vh/kZfZ5QN4Hea+RDLj8="},"registered":true,"backupToken":{"type":"Buffer","data":"Ku1nOcY9W6y+yZYysq4LZm3uBPk="},"registration":{},"pairingCode":"MSQPK125","me":{"id":"6289527602452:8@s.whatsapp.net","lid":"228243621834857:8@lid","name":"Bapak Nya Superman"},"account":{"details":"CLGBp84GELqG5LgGGAEgACgA","accountSignatureKey":"2edlFVheBJF+ssOnoeBEAC4WNIyCwo0TiLY8t0dfBXY=","accountSignature":"/pIgNveut5FqyG5ORGaHne5S7Rw+N3yGEip9wUIJDamcirvimBK5IhlC1byTFHixLP8RVA7ymDgYpww3xBxUBA==","deviceSignature":"1RSwDmJ+4GartZ7WMMfSQr3GUtQwXfV0qyVTv+g0J6YsLBfGCNX5wZxYRMaBGkaNPq6InHIjk3+6JZ32r57XCg=="},"signalIdentities":[{"identifier":{"name":"6289527602452:8@s.whatsapp.net","deviceId":0},"identifierKey":{"type":"Buffer","data":"BdnnZRVYXgSRfrLDp6HgRAAuFjSMgsKNE4i2PLdHXwV2"}}],"platform":"android","routingInfo":{"type":"Buffer","data":"CAkIAg=="},"lastAccountSyncTimestamp":1729707668,"myAppStateKeyId":"AAAAANFl"}